rcode,name,byear
R001,John Doe,1990
R002,Alice Smith,1985
R003,Michael Johnson,1978
R004,Emily Brown,1992
R005,David Wilson,1980
R006,Sarah Jones,1987
R007,Christopher Taylor,1995
R008,Emma Martinez,1976
R009,James Anderson,1998
R010,Sophia Garcia,1983
R011,Matthew Rodriguez,1989
R012,Olivia Hernandez,1991
R013,William Lopez,1979
R014,Isabella Gonzalez,1986
R015,Ethan Perez,1993
R016,Ava Lee,1982
R017,Alexander Scott,1977
R018,Mia Walker,1997
R019,Daniel Hall,1984
R020,Charlotte Young,1996
R021,Joseph Allen,1981
R022,Amelia King,1975
R023,Benjamin Wright,1994
R024,Harper Adams,1988
R025,Samuel Nelson,1986
R026,Elizabeth Baker,1990
R027,Lucas Cook,1978
R028,Ella Hill,1992
R029,Gabriel Green,1989
R030,Avery Carter,1991
R031,Pham Van Thanh,2003
R031,Pham Van Thanh,2003
